{
  "animals": [
    {
      "id": 1,
      "name": "Luna",
      "image": "assets/img/otter.png",
      "age": "2 years",
      "speciesName": "otter",
      "description": "Luna loves playing with pebbles and is very sociable.",
      "price": 200
    },
    {
      "id": 2,
      "name": "Sandy",
      "image": "assets/img/fennec.jpeg",
      "age": "6 months",
      "speciesName": "fennec",
      "description": "Sandy has oversized ears and enjoys the desert sunset.",
      "price": 150.5
    },
    {
      "id": 3,
      "name": "Jasper",
      "image": "assets/img/red-panda.png",
      "age": "3 years",
      "speciesName": "red panda",
      "description": "Jasper is curious and loves climbing trees.",
      "price": 300
    },
    {
      "id": 4,
      "name": "Misty",
      "image": "assets/img/snow-leopard.png",
      "age": "1 year",
      "speciesName": "snow leopard",
      "description": "Misty is elusive and loves snowy landscapes.",
      "price": 250
    },
    {
      "id": 5,
      "name": "Leo",
      "image": "assets/img/lion.png",
      "age": "4 years",
      "speciesName": "lion",
      "description": "Leo, the king of his pride, is majestic and brave.",
      "price": 500
    }
  ],
  "users": [
    {
      "id": 1,
      "email": "test@gmail.com",
      "password": "1234"
    },
    {
      "email": "a@a.com",
      "password": "123456",
      "id": 2
    },
    {
      "email": "bb@gmail.com",
      "password": "123456",
      "id": 3
    },
    {
      "email": "a@ac.com",
      "password": "385123456",
      "id": 4
    },
    {
      "email": "m@hotmail.com",
      "password": "testtest",
      "id": 5
    },
    {
      "email": "zzz@YAHOO.COM",
      "password": "AAAAAA",
      "id": 6
    }
  ],
  "adoptions": [
    {
      "name": "a",
      "surname": "a",
      "phone": "123",
      "street": "a",
      "city": "a",
      "zipcode": "12345",
      "country": "Bangladesh",
      "paymentOption": "creditCard",
      "consent": true,
      "personalNote": "",
      "animalId": 5,
      "id": 1
    },
    {
      "name": "aa",
      "surname": "a",
      "phone": "123",
      "street": "a",
      "city": "a",
      "zipcode": "12345",
      "country": "Bahamas",
      "paymentOption": "creditCard",
      "consent": true,
      "personalNote": "",
      "animalId": 5,
      "id": 2
    },
    {
      "name": "a",
      "surname": "a",
      "phone": "12",
      "street": "a",
      "city": "a",
      "zipcode": "12345",
      "country": "Bahrain",
      "paymentOption": "creditCard",
      "consent": true,
      "personalNote": "",
      "animalId": 5,
      "id": 3
    },
    {
      "name": "a",
      "surname": "a",
      "phone": "12",
      "street": "a",
      "city": "a",
      "zipcode": "12345",
      "country": "Bahrain",
      "paymentOption": "creditCard",
      "consent": true,
      "personalNote": "",
      "animalId": 1,
      "id": 4
    },
    {
      "name": "aa",
      "surname": "a",
      "phone": "123",
      "street": "a",
      "city": "a",
      "zipcode": "12345",
      "country": "Bangladesh",
      "paymentOption": "creditCard",
      "consent": true,
      "personalNote": "",
      "animalId": 5,
      "id": 5
    },
    {
      "name": "a",
      "surname": "a",
      "phone": "123",
      "street": "a",
      "city": "a",
      "zipcode": "12345",
      "country": "Bahamas",
      "paymentOption": "creditCard",
      "consent": true,
      "personalNote": "",
      "animalId": 1,
      "id": 6
    },
    {
      "name": "aa",
      "surname": "a",
      "phone": "123",
      "street": "a",
      "city": "a",
      "zipcode": "12345",
      "country": "Bahamas",
      "paymentOption": "creditCard",
      "consent": true,
      "personalNote": "",
      "animalId": 1,
      "id": 7
    },
    {
      "name": "a",
      "surname": "a",
      "phone": "123",
      "street": "a",
      "city": "a",
      "zipcode": "12345",
      "country": "Bangladesh",
      "paymentOption": "creditCard",
      "consent": true,
      "personalNote": "",
      "animalId": 1,
      "id": 8
    },
    {
      "name": "a",
      "surname": "a",
      "phone": "123",
      "street": "a",
      "city": "a",
      "zipcode": "12345",
      "country": "Bahamas",
      "paymentOption": "creditCard",
      "personalNote": "",
      "animalId": 5,
      "id": 9
    },
    {
      "name": "1",
      "surname": "a",
      "phone": "1",
      "street": "a",
      "city": "a",
      "zipcode": "12345",
      "country": "Bahamas",
      "paymentOption": "paypal",
      "personalNote": "",
      "animalId": 1,
      "id": 10
    },
    {
      "name": "a",
      "surname": "a",
      "phone": "1",
      "street": "a",
      "city": "a",
      "zipcode": "12345",
      "country": "Bahrain",
      "paymentOption": "paypal",
      "personalNote": "",
      "animalId": 1,
      "id": 11
    },
    {
      "name": "a",
      "surname": "a",
      "phone": "1",
      "street": "a",
      "city": "a",
      "zipcode": "12345",
      "country": "Bahamas",
      "paymentOption": "creditCard",
      "personalNote": "",
      "animalId": 1,
      "id": 12
    },
    {
      "name": "a",
      "surname": "a",
      "phone": "1",
      "street": "a",
      "city": "1",
      "zipcode": "12345",
      "country": "Bahamas",
      "paymentOption": "paypal",
      "personalNote": "",
      "animalId": 1,
      "id": 13
    },
    {
      "name": "a",
      "surname": "a",
      "phone": "12",
      "street": "a",
      "city": "a",
      "zipcode": "12345",
      "country": "Bahrain",
      "paymentOption": "creditCard",
      "personalNote": "",
      "animalId": 1,
      "id": 14
    },
    {
      "name": "a",
      "surname": "a",
      "phone": "1",
      "street": "a",
      "city": "a",
      "zipcode": "12345",
      "country": "Bahamas",
      "paymentOption": "creditCard",
      "personalNote": "",
      "animalId": 1,
      "id": 15
    },
    {
      "name": "a",
      "surname": "a",
      "phone": "12",
      "street": "a",
      "city": "a",
      "zipcode": "12345",
      "country": "Bangladesh",
      "paymentOption": "creditCard",
      "personalNote": "",
      "animalId": 1,
      "id": 16
    },
    {
      "name": "a",
      "surname": "a",
      "phone": "12",
      "street": "a",
      "city": "a",
      "zipcode": "12345",
      "country": "Bahrain",
      "paymentOption": "creditCard",
      "personalNote": "",
      "animalId": 1,
      "id": 17
    },
    {
      "name": "a",
      "surname": "a",
      "phone": "11",
      "street": "aa",
      "city": "aa",
      "zipcode": "12345",
      "country": "Bahamas",
      "paymentOption": "paypal",
      "personalNote": "",
      "animalId": 1,
      "id": 18
    },
    {
      "name": "a",
      "surname": "a",
      "phone": "12",
      "street": "a",
      "city": "a",
      "zipcode": "12345",
      "country": "Bahrain",
      "paymentOption": "creditCard",
      "personalNote": "",
      "animalId": 1,
      "id": 19
    },
    {
      "name": "a",
      "surname": "a",
      "phone": "123",
      "street": "aa",
      "city": "a",
      "zipcode": "12345",
      "country": "Bangladesh",
      "paymentOption": "creditCard",
      "personalNote": "",
      "animalId": 1,
      "id": 20
    },
    {
      "name": "a",
      "surname": "a",
      "phone": "1",
      "street": "a",
      "city": "a",
      "zipcode": "12345",
      "country": "Bahrain",
      "paymentOption": "paypal",
      "personalNote": "",
      "animalId": 1,
      "id": 21
    },
    {
      "name": "a",
      "surname": "a",
      "phone": "12",
      "street": "a",
      "city": "a",
      "zipcode": "12345",
      "country": "Bahamas",
      "paymentOption": "creditCard",
      "personalNote": "",
      "animalId": 1,
      "id": 22
    },
    {
      "name": "a",
      "surname": "a",
      "phone": "1",
      "street": "a",
      "city": "a",
      "zipcode": "12345",
      "country": "Bangladesh",
      "paymentOption": "paypal",
      "personalNote": "",
      "animalId": 1,
      "id": 23
    },
    {
      "name": "a",
      "surname": "a",
      "phone": "1",
      "street": "a",
      "city": "aa",
      "zipcode": "12345",
      "country": "Bangladesh",
      "paymentOption": "paypal",
      "personalNote": "",
      "animalId": 1,
      "adoptionDateTime": "2024-01-06T16:09:14.504Z",
      "id": 24
    },
    {
      "name": "aaa",
      "surname": "aa",
      "phone": "12",
      "street": "a",
      "city": "a",
      "zipcode": "12345",
      "country": "Bahamas",
      "paymentOption": "paypal",
      "personalNote": "",
      "animalId": 1,
      "adoptionDateTime": "2024-01-06T17:06:44.978Z",
      "id": 25
    },
    {
      "name": "a",
      "surname": "a",
      "phone": "1",
      "street": "a",
      "city": "a",
      "zipcode": "12345",
      "country": "Bahrain",
      "paymentOption": "creditCard",
      "personalNote": "",
      "animalId": 1,
      "adoptionDateTime": "2024-01-06T17:08:45.779Z",
      "id": 26
    },
    {
      "name": "a",
      "surname": "a",
      "phone": "123",
      "street": "aa",
      "city": "a",
      "zipcode": "12345",
      "country": "Bahamas",
      "paymentOption": "paypal",
      "personalNote": "",
      "animalId": 2,
      "adoptionDateTime": "2024-01-06T17:33:28.316Z",
      "id": 27
    },
    {
      "name": "a",
      "surname": "a",
      "phone": "1",
      "street": "aa",
      "city": "a",
      "zipcode": "12345",
      "country": "Bahrain",
      "paymentOption": "creditCard",
      "personalNote": "",
      "animalId": 1,
      "adoptionDateTime": "2024-01-06T19:36:05.745Z",
      "id": 28
    },
    {
      "name": "a",
      "surname": "a",
      "phone": "123",
      "street": "a",
      "city": "a",
      "zipcode": "12345",
      "country": "Bahamas",
      "paymentOption": "creditCard",
      "personalNote": "",
      "animalId": 2,
      "adoptionDateTime": "2024-01-06T19:42:10.966Z",
      "id": 29
    },
    {
      "name": "Danica Kovaček",
      "surname": "a",
      "phone": "345",
      "street": "Aaa",
      "city": "Ya ",
      "zipcode": "55555",
      "country": "Croatia",
      "paymentOption": "creditCard",
      "personalNote": "aaa",
      "animalId": 2,
      "adoptionDateTime": "2024-01-08T19:03:46.214Z",
      "id": 30
    }
  ],
  "usersAdoptions": [
    {
      "userId": 1,
      "id": 1
    },
    {
      "userId": 1,
      "id": 2
    },
    {
      "userId": 1,
      "id": 3
    },
    {
      "adoptionId": 1,
      "userId": 1,
      "id": 4
    },
    {
      "adoptionId": 1,
      "userId": 1,
      "id": 5
    },
    {
      "adoptionId": 6,
      "userId": 1,
      "id": 6
    },
    {
      "adoptionId": 7,
      "userId": 1,
      "id": 7
    },
    {
      "adoptionId": 8,
      "userId": 1,
      "id": 8
    },
    {
      "adoptionId": 9,
      "userId": 1,
      "id": 9
    },
    {
      "adoptionId": 10,
      "userId": 1,
      "id": 10
    },
    {
      "adoptionId": 11,
      "userId": 3,
      "id": 11
    },
    {
      "adoptionId": 12,
      "userId": 2,
      "id": 12
    },
    {
      "adoptionId": 13,
      "userId": 2,
      "id": 13
    },
    {
      "adoptionId": 14,
      "userId": 2,
      "id": 14
    },
    {
      "adoptionId": 15,
      "userId": 2,
      "id": 15
    },
    {
      "adoptionId": 16,
      "userId": 2,
      "id": 16
    },
    {
      "adoptionId": 17,
      "userId": 2,
      "id": 17
    },
    {
      "adoptionId": 18,
      "userId": 2,
      "id": 18
    },
    {
      "adoptionId": 19,
      "userId": 2,
      "id": 19
    },
    {
      "adoptionId": 20,
      "userId": 2,
      "id": 20
    },
    {
      "adoptionId": 21,
      "userId": 2,
      "id": 21
    },
    {
      "adoptionId": 22,
      "userId": 2,
      "id": 22
    },
    {
      "adoptionId": 23,
      "userId": 2,
      "id": 23
    },
    {
      "adoptionId": 24,
      "userId": 2,
      "id": 24
    },
    {
      "adoptionId": 25,
      "userId": 2,
      "id": 25
    },
    {
      "adoptionId": 26,
      "userId": 2,
      "id": 26
    },
    {
      "adoptionId": 27,
      "userId": 2,
      "id": 27
    },
    {
      "adoptionId": 28,
      "userId": 2,
      "id": 28
    },
    {
      "adoptionId": 29,
      "userId": 2,
      "id": 29
    },
    {
      "adoptionId": 30,
      "userId": 2,
      "id": 30
    }
  ]
}